{
    "n_estimators": 475,
    "max_depth": 9,
    "learning_rate": 0.22594731375525895,
    "subsample": 0.9841937224705313,
    "colsample_bytree": 0.8115993503676006,
    "min_child_weight": 9,
    "gamma": 1.0508620811373048,
    "reg_alpha": 0.2682513430967105,
    "reg_lambda": 1.962135997883376,
    "tree_method": "hist",
    "random_state": 42,
    "n_jobs": -1
}