{
    "n_estimators": 447,
    "max_depth": 12,
    "learning_rate": 0.04149121313555808,
    "subsample": 0.8945442673384523,
    "colsample_bytree": 0.607458416355693,
    "min_child_weight": 7,
    "gamma": 3.574921960310958,
    "reg_alpha": 1.787148814654084,
    "reg_lambda": 2.0492137207319443,
    "tree_method": "hist",
    "random_state": 42,
    "n_jobs": -1
}